<?xml version="1.0" encoding="UTF-8" standalone="no"?>
<dependencies>
  <androidPackages>
    <repositories>
      <repository>https://repo.maven.apache.org/maven2</repository>
    </repositories>
    <androidPackage spec="com.taptap.sdk:tap-core-unity:4.7.2"/>
  </androidPackages>
  <iosPods>
    <sources>
      <source>https://github.com/CocoaPods/Specs.git</source>
    </sources>
    <iosPod addToAllTargets="false" bitcodeEnabled="false" name="TapTapCoreSDK" version="~> 4.7.2"/>
  </iosPods>
</dependencies>